,m5_coeff_financial,m5_coeff_geopolitical,m5_coeff_technology
geopolitical,-0.00012210473115786808,-2.1410146284242386e-05,2.97714567566067e-05
tech,0.00011247965856098404,0.00020318357588950067,0.00011380555914519283
balanced,0.00011056133457384546,-1.1883623208647734e-05,-2.617645609986194e-05
conservative,4.975178558000839e-05,8.032221016546292e-05,2.1200572546478924e-05
