,m5_coeff_financial,m5_coeff_geopolitical,m5_coeff_technology
geopolitical,0.00015360218680735374,-7.445751801532196e-05,-0.00022749015041972063
tech,-0.00042383560521473077,-0.0030584968570867366,0.0017910979469871044
balanced,-7.396668491541693e-05,-0.00017186873762318209,-9.94078903142942e-05
conservative,-9.373725279114334e-05,0.0001962725814669928,3.9544557204111654e-05
