,m5_coeff_financial,m5_coeff_geopolitical,m5_coeff_technology
geopolitical,5.0795715126681434e-05,-0.00015270641102054433,-1.0132865299941399e-05
tech,-0.0001713288978394941,0.0003359441034147276,0.0001002609248901678
balanced,-7.140116474659641e-05,7.339483702643979e-05,-3.620998319016089e-05
conservative,6.269830164678817e-05,0.0001777026999355058,2.168165838420186e-05
