portfolio,m5_coeff_financial,m5_coeff_geopolitical,m5_coeff_technology,mean_shock_frequency,intra_portfolio_correlation,sector_concentration_hhi,safe_haven_weight,kmeans_cluster,hierarchical_cluster,kmeans_label,hierarchical_label
geopolitical,-0.0001221047311578,-2.1410146284242383e-05,2.97714567566067e-05,0.059398496240601506,0.2420087546188103,0.14285714285714285,0.2857142857142857,1,0,Geopolitical-Sensitive,Geopolitical-Sensitive
tech,0.0001124796585609,0.0002031835758895,0.0001138055591451,0.0481203007518797,0.5602381106585259,0.1111111111111111,0.0,0,1,Geopolitical-Sensitive,Geopolitical-Sensitive
balanced,0.0001105613345738,-1.1883623208647734e-05,-2.617645609986194e-05,0.06541353383458647,0.3952081968180543,0.16666666666666666,0.5,1,0,Geopolitical-Sensitive,Geopolitical-Sensitive
conservative,4.975178558000839e-05,8.032221016546292e-05,2.1200572546478924e-05,0.04285714285714286,0.37339034715182995,0.14285714285714285,0.42857142857142855,1,0,Geopolitical-Sensitive,Geopolitical-Sensitive
