portfolio,m5_coeff_financial,m5_coeff_geopolitical,m5_coeff_technology,mean_shock_frequency,intra_portfolio_correlation,sector_concentration_hhi,safe_haven_weight,kmeans_cluster,hierarchical_cluster,kmeans_label,hierarchical_label
geopolitical,5.079571512668144e-05,-0.0001527064110205,-1.01328652999414e-05,0.06997742663656885,0.24301218388285648,0.14285714285714285,0.2857142857142857,1,0,Geopolitical-Sensitive,Geopolitical-Sensitive
tech,-0.0001713288978394,0.0003359441034147,0.0001002609248901,0.04740406320541761,0.5601834123485888,0.1111111111111111,0.0,0,1,Geopolitical-Sensitive,Geopolitical-Sensitive
balanced,-7.140116474659641e-05,7.339483702643979e-05,-3.620998319016089e-05,0.06621519939804364,0.39614266142543914,0.16666666666666666,0.5,1,0,Geopolitical-Sensitive,Geopolitical-Sensitive
conservative,6.269830164678817e-05,0.0001777026999355,2.168165838420186e-05,0.04288939051918736,0.37334715871927376,0.14285714285714285,0.42857142857142855,1,0,Geopolitical-Sensitive,Geopolitical-Sensitive
