portfolio,m5_coeff_financial,m5_coeff_geopolitical,m5_coeff_technology,mean_shock_frequency,intra_portfolio_correlation,sector_concentration_hhi,safe_haven_weight,kmeans_cluster,hierarchical_cluster,kmeans_label,hierarchical_label
geopolitical,0.0001536021868073,-7.445751801532196e-05,-0.0002274901504197,0.0,0.15546435680688178,0.14285714285714285,0.2857142857142857,1,0,Technology-Sensitive,Geopolitical-Sensitive
tech,-0.0004238356052147,-0.0030584968570867,0.0017910979469871,0.0,0.7137650473478192,0.1111111111111111,0.0,0,1,Geopolitical-Sensitive,Technology-Sensitive
balanced,-7.396668491541693e-05,-0.0001718687376231,-9.94078903142942e-05,0.0,0.604095426139692,0.16666666666666666,0.5,1,0,Technology-Sensitive,Geopolitical-Sensitive
conservative,-9.373725279114334e-05,0.0001962725814669,3.954455720411165e-05,0.2222222222222222,0.48482655521010803,0.14285714285714285,0.42857142857142855,1,0,Technology-Sensitive,Geopolitical-Sensitive
